-- MySQL dump 10.13  Distrib 5.7.17, for macos10.12 (x86_64)
--
-- Host: 127.0.0.1    Database: arcan
-- ------------------------------------------------------
-- Server version	8.0.12

/*!40101 SET @OLD_CHARACTER_SET_CLIENT=@@CHARACTER_SET_CLIENT */;
/*!40101 SET @OLD_CHARACTER_SET_RESULTS=@@CHARACTER_SET_RESULTS */;
/*!40101 SET @OLD_COLLATION_CONNECTION=@@COLLATION_CONNECTION */;
/*!40101 SET NAMES utf8 */;
/*!40103 SET @OLD_TIME_ZONE=@@TIME_ZONE */;
/*!40103 SET TIME_ZONE='+00:00' */;
/*!40014 SET @OLD_UNIQUE_CHECKS=@@UNIQUE_CHECKS, UNIQUE_CHECKS=0 */;
/*!40014 SET @OLD_FOREIGN_KEY_CHECKS=@@FOREIGN_KEY_CHECKS, FOREIGN_KEY_CHECKS=0 */;
/*!40101 SET @OLD_SQL_MODE=@@SQL_MODE, SQL_MODE='NO_AUTO_VALUE_ON_ZERO' */;
/*!40111 SET @OLD_SQL_NOTES=@@SQL_NOTES, SQL_NOTES=0 */;

--
-- Table structure for table `history`
--

DROP TABLE IF EXISTS `history`;
/*!40101 SET @saved_cs_client     = @@character_set_client */;
/*!40101 SET character_set_client = utf8 */;
CREATE TABLE `history` (
  `repoId` varchar(255) DEFAULT NULL,
  `projectId` varchar(255) DEFAULT NULL,
  `createTime` varchar(255) DEFAULT NULL,
  `resultId` varchar(255) DEFAULT NULL
) ENGINE=InnoDB DEFAULT CHARSET=utf8;
/*!40101 SET character_set_client = @saved_cs_client */;

--
-- Dumping data for table `history`
--

LOCK TABLES `history` WRITE;
/*!40000 ALTER TABLE `history` DISABLE KEYS */;
INSERT INTO `history` VALUES ('dcdca5a563bd466c978e11dca7dd9f5d','c0cd6a8b695e4427930dc747e42dab3e','2020-04-18 15:56:15','3f2a2e99028e427e9c55e107f5f92a04'),('9937b50c037e446183b330fe1e3a2a4c','f94867f989f64bf3a09a420ed13cee43','2020-04-18 16:15:34','c4b226d8611c4623a395da40f52dcb9c'),('9937b50c037e446183b330fe1e3a2a4c','20e5cd5e2508451fa4a898eb3c148d2d','2020-04-18 16:50:05','41d6d87fbd8a40c099d49e06558fa362'),('2bb3138160bb42a89cf6d6b6ca2a48f6','05b8c4f6f02848068d963f1e52ee38e5','2020-04-18 16:50:53','a2ef4cf49ba946b6bed051c91265f89a'),('c4b55047fefd42698cf8e237b6c336cc','9ce6f08b414043748c43e72609bd839d','2020-04-20 16:37:41','09a519a4554c47628defd827c6dfe70a'),('c4b55047fefd42698cf8e237b6c336cc','289a5e42ea5a4e17ad720390e3c8cb3a','2020-04-20 22:08:00','c29541da8e86443db5ffee1eeb489085'),('c4b55047fefd42698cf8e237b6c336cc','83f7cbe7a3d146be9e658ef1963cc4dd','2020-04-20 22:09:16','b6f93bce21834c53859fac741c559ddd'),('c4b55047fefd42698cf8e237b6c336cc','e0232c823de74cc5b17430aa8fca6312','2020-04-21 15:22:34','39c0b6829fff4b2ab909c4f8af244fc5'),('c4b55047fefd42698cf8e237b6c336cc','3b9b4f8d926a4e53a172e38b805896b3','2020-05-05 03:55:49','73ea68f9088e4580b47437007cab21c3'),('c4b55047fefd42698cf8e237b6c336cc','14f7149888554aa695c911fe4bb36ad6','2020-05-12 12:02:33','91d2c2ac66c34d4a8ccd081b95281a77'),('c4b55047fefd42698cf8e237b6c336cc','d3dff220533d41d999d4fc7cb606142d','2020-05-12 12:03:56','6eee182ecff24e4c805eaa2d0744db44'),('9ebfbd5b56434808bca0d89cfab98a60','c37eb55944b841438e38a5d974cecf92','2020-05-12 12:04:52','4942be7b5b03412c856b1909d07c5e26'),('010cea49b86146d1b9e91f58958b3953','b013090f49924406b1951b0649e19ace','2020-05-12 12:05:56','fbda96a98d044fed83ddbaaf05bd5570'),('010cea49b86146d1b9e91f58958b3953','c5f9ede924b64c28a9168fd0c96a86bb','2020-05-12 12:08:08','39dba2a55c884485a6278991a23be285'),('19015979f0994a669f648b02f86529a0','12481e32aba649c8a24f326c98c92e00','2020-05-17 20:25:14','ca40dc73fe964ad5be2ed5a9670655a4'),('19015979f0994a669f648b02f86529a0','748b384ee3a6480bb97d7700965111eb','2020-05-17 20:30:00','5f7b7c291d5045c6acca951e60951fd7'),('19015979f0994a669f648b02f86529a0','ada02e1a82ac49058be1a7997b579fe7','2020-05-17 20:32:44','0cc3309d75f44b8f8a511e15839163a6'),('19015979f0994a669f648b02f86529a0','2ef90a1be7394bc6b74f7d993721f9cb','2020-05-17 20:34:47','1d05fdb9a7b4424f816b826fccabe012'),('4fea8e525d884c3aa16f4f710b4c0b7c','8501149010b24b3d8b764d57f608b76a','2020-05-17 20:37:08','b4cc0b1468274cf4b52c3e3331b0d026'),('4fea8e525d884c3aa16f4f710b4c0b7c','fb02eb17b2f74d90aa0de87fceddebd2','2020-05-17 20:39:09','ed0a68cf24694ca98d96fc928501b8df'),('4fea8e525d884c3aa16f4f710b4c0b7c','71d0d5eeccc240c28c181df51ff2d957','2020-05-17 20:43:10','b69e4c76b3eb4cf2b05075419169a88b'),('4fea8e525d884c3aa16f4f710b4c0b7c','48048e84ec6142918682dd9a517b5931','2020-05-17 20:43:58','37279a23f1734331b373d941c0f99d14'),('4fea8e525d884c3aa16f4f710b4c0b7c','4118e269c4f84dd2b4e7eb38d997ed37','2020-05-17 20:46:10','268f66e388054c7f9e372f477e4f0a85'),('4fea8e525d884c3aa16f4f710b4c0b7c','fa9a7be263f64a1eb4c9b8257efbfba4','2020-05-17 20:50:03','461dd9f43cfc4fbd840b49dfb8d54c97'),('8612b0c6f91047ac9161763669ad2ee4','f18ebdde921141f69d1c9459334caf85','2020-05-17 20:50:56','d7a057cbe38042a0ade84976cf72e68c'),('9ea46b83691a4595bca5ee87ca648bcc','8c41ed26424d419ca713e8b57a89e87c','2020-05-17 20:53:28','03c1f6ebe0254ba1a9cfdd9c2671f2e9'),('9ea46b83691a4595bca5ee87ca648bcc','a94e2f24168f4c3eb821e3072f6de3c9','2020-05-17 21:33:04','c251720a22cd44d1b0d141172b662ae0'),('9ea46b83691a4595bca5ee87ca648bcc','91b0be3d2afe477c861e163ba5b28d79','2020-05-17 21:34:15','6c5a395b984c4003b4b8330509e66e2a'),('9ea46b83691a4595bca5ee87ca648bcc','517811cd1ca540dc81df329ee829f714','2020-05-18 01:14:59','59e7298ae8f34aa4903551bc4dd31075'),('9ea46b83691a4595bca5ee87ca648bcc','fc8d73d09efe436a8f44833d7fe56e42','2020-05-18 01:16:05','8b5e3f8512c94342b975c34eabafedf3'),('9ea46b83691a4595bca5ee87ca648bcc','b1e17390ead04db58dcf39519f4e83ea','2020-05-18 01:17:30','b0b1ad2cb94c48699608d402ecdeb92f'),('9ea46b83691a4595bca5ee87ca648bcc','2e9adc7a53334afbb6f2eb7ebb7efdfc','2020-05-18 01:21:50','1c76373412604bf48ef2d1b429136174'),('9ea46b83691a4595bca5ee87ca648bcc','f10ddba09ee64b589d6068443c742539','2020-05-18 01:26:34','8428abe1550d4b5e985a019ef1937847'),('9ea46b83691a4595bca5ee87ca648bcc','21622075f3984c2f91bd6494e15c71a4','2020-05-18 01:30:15','5c7f7dda23eb47358217895d3b650ab7'),('9ea46b83691a4595bca5ee87ca648bcc','623cfdda410247daa080ee25f3522ab9','2020-05-18 01:32:23','c4a46a33c22d425383a826dfa2170b84'),('9ea46b83691a4595bca5ee87ca648bcc','dd19705257464b81b855575177e2261f','2020-05-18 01:39:17','3ef43280159744c3974c9621a6941c11'),('9ea46b83691a4595bca5ee87ca648bcc','3abf71d373f94061b88294896694c04d','2020-05-18 01:41:14','9c5f25c51fd34cf8a3f672089f1f3197'),('9ea46b83691a4595bca5ee87ca648bcc','37c2f86513fc4a70892477c68a690791','2020-05-18 01:42:21','b6ee419303224383b50b0ce1b82bf27d'),('9ea46b83691a4595bca5ee87ca648bcc','5b870851dfa947ea9b1b7e8429743ba8','2020-05-18 01:46:57','d37d36643d894d7dbd1b8c0ff3c3defe'),('9ea46b83691a4595bca5ee87ca648bcc','b6f68e08fb104dffb4afa317bacafac6','2020-05-18 01:51:08','58d96b11009347319fbaea7a4c8aace6'),('9ea46b83691a4595bca5ee87ca648bcc','1ca6dd83a670420c82fc4c45b613c100','2020-05-18 01:51:43','db0a7cd39428497ebba23daf73c424a6'),('9ea46b83691a4595bca5ee87ca648bcc','acbc5ad4e28e4dcb9e2c46a6fb3d4791','2020-05-18 02:03:49','03f2502dd84d44f4a7d6c40dbe085227'),('9ea46b83691a4595bca5ee87ca648bcc','77510584a6c340ca9328814bc51ea563','2020-05-18 02:04:32','9adc95a54c8740e7ae31fd644711c543'),('9ea46b83691a4595bca5ee87ca648bcc','ba1a899aad9c47f6a208cc6b6bd64c6d','2020-05-18 02:04:43','e5141ed1ff3542a5bc21ae37522c5153'),('9ea46b83691a4595bca5ee87ca648bcc','0c69c9673adc4389967f766bc695f891','2020-05-18 02:09:16','870cb2c6d5f64a9c874f4de27a9ab89d'),('9ea46b83691a4595bca5ee87ca648bcc','9d793035d1d04f15968400cff1ddd101','2020-05-18 02:11:21','446e7c845fe7463f8287d8e05500b0a8'),('9ea46b83691a4595bca5ee87ca648bcc','3593f803b2bf4aec9d57f768f1302661','2020-05-18 02:14:22','4fd5b31d562d4890bcec0725949cff59'),('9ea46b83691a4595bca5ee87ca648bcc','b3e48bb5fc624e62bc07116002d4bb0f','2020-05-18 02:22:57','9f61951f8bb3464994bfa4903b28af46'),('9ea46b83691a4595bca5ee87ca648bcc','bc1b2571cfe5449d95bc4ab1eb4cd50d','2020-05-18 02:49:14','8e07e67424744501b4094d442329856d'),('9ea46b83691a4595bca5ee87ca648bcc','61df030d19874717975d56347ada006b','2020-05-18 02:58:24','172fbf8ecbeb46179703c3e01973c6ba'),('9ea46b83691a4595bca5ee87ca648bcc','1823c27ed43b431c9bb6bc94ff73fb79','2020-05-18 02:59:49','3ff835b1797e4f2b8e2bbb200885e035'),('9ea46b83691a4595bca5ee87ca648bcc','4e613cb4571f46eb809a3771f058dfaa','2020-05-18 03:05:35','48f0b6210d324c1eae14d18006b13415'),('9ea46b83691a4595bca5ee87ca648bcc','a285e7f3194f46a593e41ba9dd0e8577','2020-05-18 11:37:45','d93881786ef44899aa3d93df4f5b97f8'),('9ea46b83691a4595bca5ee87ca648bcc','690d74848e914840aa9422f838b6482b','2020-05-18 11:40:17','296d5060daa54bb2bc10647401b78a7c'),('9ea46b83691a4595bca5ee87ca648bcc','eb2cdf7bcb9c47b899d0dca6c2629ed2','2020-05-18 11:42:29','66838b76ee054d1c9be3f6a6ab913cdf'),('9ea46b83691a4595bca5ee87ca648bcc','b296489a0d95405398f948c4da8994a2','2020-05-18 11:49:54','4a5733cbaa4d444b9387d124490a7c5e'),('9ea46b83691a4595bca5ee87ca648bcc','5d9161ee990b4f3280f23f3614973aeb','2020-05-18 13:11:48','5fbeeb00089443fdbea4a5d0d9c758f9'),('9ea46b83691a4595bca5ee87ca648bcc','1c4edc0be75a4634974e16f35608ad3f','2020-05-18 13:14:54','35d33934c7e643d78d44c2cbbcfd437b'),('9ea46b83691a4595bca5ee87ca648bcc','4655aa56d21b4c6f9422033b732a12e0','2020-05-18 13:15:04','63c7981366fe46d3b08f550e91a89a29'),('9ea46b83691a4595bca5ee87ca648bcc','8f5451e95fe64e5cabdb5dbe80ee7f04','2020-05-18 13:20:56','807d403c442848cc9cbec161d2d4f165'),('9ea46b83691a4595bca5ee87ca648bcc','ed88e2294e3d4c17901ea5dc596d886a','2020-05-18 16:33:50','c50b94bcf1be4ece8f188c1426bc9632'),('9ea46b83691a4595bca5ee87ca648bcc','4262c2148f8f4d9593fed546647ed128','2020-05-18 16:34:07','10ef960d0ced482f81787e4443dcf60d'),('9ea46b83691a4595bca5ee87ca648bcc','716d9494c39a4f55ad26129bda1dbab3','2020-05-18 16:35:29','c0ca8c30f9c84718babd936e10aa2adf'),('9ea46b83691a4595bca5ee87ca648bcc','5ce3fb1b3f034b53bcf5fb9635cebf4f','2020-05-18 16:36:48','31a09fb8c561451f92868a93e8592a5b'),('9ea46b83691a4595bca5ee87ca648bcc','a91e42947e9c429cbc130e86d7e1bd3c','2020-05-18 16:39:59','aedc0933a1824844bfd95854e95c7791'),('9ea46b83691a4595bca5ee87ca648bcc','28cd7a07f3874f59bce06eee1069430f','2020-05-18 18:22:24','bc0481ae1d5d4869858b79508e676b0b'),('9ea46b83691a4595bca5ee87ca648bcc','4a3fb38a761a4dd0a2151de15bb42161','2020-05-18 18:24:50','65ec37bc9d5e4de98348821fc29fb6d6'),('9ea46b83691a4595bca5ee87ca648bcc','eab5ef38a8374ef99f0aa36d27b1e5a7','2020-05-18 18:38:08','0fe6fa90d9d44f4f9a77cabf38b5485a'),('9ea46b83691a4595bca5ee87ca648bcc','4d9fc6b1bb44419db8b728da4749d80e','2020-05-18 18:40:53','1401c271a7254ab99dd9410d0900315d'),('c872cab95cdd4e58b9925742b1d35e0e','0f6156d645de40a184eef606f1f9247c','2020-05-21 17:56:04','6a51cd5370054a9bb4e952be14a103f1'),('c872cab95cdd4e58b9925742b1d35e0e','521b1174fe414ba59178c608861433d7','2020-05-22 03:10:56','95f7e3103a3d48f688e511530d0fb23e'),('c872cab95cdd4e58b9925742b1d35e0e','ad8790aac9774c85889dc517cf6aa33b','2020-05-22 03:18:53','207be83d7dfa480fab8e9167d5867bac'),('01cd68853e8c450c8107f65db471a1e6','b344e070ddb94edb91f09e2ddc075200','2020-05-22 03:23:43','3115d29acc2441198b87f24e83cc547c'),('01cd68853e8c450c8107f65db471a1e6','a1d7ba6ff4dc4168bed8750812a59813','2020-05-22 03:24:19','2cc2ba11f409452baf52a1739139dcd0'),('c872cab95cdd4e58b9925742b1d35e0e','64e456f5bc824ae793cbcd7a9c5a6b89','2020-05-22 03:44:09','30105f1609644a8e98956647b31d9ece'),('c872cab95cdd4e58b9925742b1d35e0e','298b28b94eb9454cb078c751d802cef8','2020-05-22 03:49:27','91ec227127a24dbca61c43a54bf6d9cd'),('2c10ab45a3db4b1e8c9214257c5d6064','6b1549faed034928b9f1aee61a216941','2020-05-22 09:36:02','1087b07169724df6867ea8021b4de0f4'),('c872cab95cdd4e58b9925742b1d35e0e','4520a7abf2eb4bcc8c71acef7191a5f9','2020-05-22 10:44:14','859beb82dc9d4eb591502b5cadae39de'),('c872cab95cdd4e58b9925742b1d35e0e','73a3524efee4463f9e4d927620fa53ce','2020-05-22 10:49:41','6cc746f4c02e4279ab10db9c384628e2'),('c872cab95cdd4e58b9925742b1d35e0e','4c4b3cb9db9241acb19dd8e135d0c3c9','2020-05-22 10:53:09','a6d4ca3ae0d04b8397fcd1888a2e3ebe'),('c872cab95cdd4e58b9925742b1d35e0e','828c4e79afc24c4991ea84126742e4a5','2020-05-22 10:56:56','6674122681074a66a7e5c6d0030080bb'),('c872cab95cdd4e58b9925742b1d35e0e','390a759649064170b5bf793ec5a71c6a','2020-05-22 11:19:17','980ffe671fcd4173bc2c0238c59f3e65'),('c872cab95cdd4e58b9925742b1d35e0e','ed2e246286b04720ae77918cf88708d6','2020-05-22 11:43:35','c96cb4c134b84266bfe2c9e6a8a45bf4'),('c872cab95cdd4e58b9925742b1d35e0e','94f7cf91b4b74f59a484e3553c43ae2f','2020-05-22 11:47:55','b374bd829ef74d718a2ee8bdfffe45dc'),('c872cab95cdd4e58b9925742b1d35e0e','07ada17f316e4a2aa7c587e8d7d9383d','2020-05-22 11:50:24','843e6b454f554b5d9e8d77bd31d9b075'),('c872cab95cdd4e58b9925742b1d35e0e','4d6d787f69f54fc9a35232a9826ea55b','2020-05-22 11:53:41','231f77eee1bb4a7d9ff790229315d9b6'),('c872cab95cdd4e58b9925742b1d35e0e','487c54ca995d46b08122ca9bbe3abee8','2020-05-22 12:05:45','cc4142b0e7264ba08607a0ba116be0c1'),('c872cab95cdd4e58b9925742b1d35e0e','acb703c972a548f5ae781bda2b2907b3','2020-05-22 12:09:36','13a7736e0503495a952388aeaad4631d'),('61a2f5205c5248a19be96051b7f378e8','8b82a10c67714764beab8825ea103efc','2020-05-22 12:14:17','ed5165ed66994e50b665683561d1f2fe'),('61a2f5205c5248a19be96051b7f378e8','159bf4ba4f7043769907c81c463c5850','2020-05-22 12:22:42','308c838e7b7d441bb22208ddfc923065'),('61a2f5205c5248a19be96051b7f378e8','2927ef532da7425086a3ac1f5af1845a','2020-05-22 12:34:52','8f00fe86961b4b70a4d19fc60c7e7203'),('61a2f5205c5248a19be96051b7f378e8','440b6654ab0646e2905ec750b8852cd5','2020-05-22 12:35:57','c1baea395590448facaa5b124864dac7'),('50a1c8aea9cf4ad7a395d895f8e91000','27d0e153572e4788941eafa27033004a','2020-05-23 18:27:13','f8d9c240dda44394a75ac5539c65759d'),('50a1c8aea9cf4ad7a395d895f8e91000','47c76d46cf1947229e7c9ed0c03478dd','2020-05-23 18:28:22','303595b6d40c42a5827475c31a2d8b9c'),('50a1c8aea9cf4ad7a395d895f8e91000','255c6dec56ac42e584a9c4bc11586b76','2020-05-23 18:29:18','739af42db6744ce58a52bc9cec140048'),('5db6e450ef1342cea0e25d92c038fc74','b38365404a7e42319f6a91fae126c459','2020-05-23 18:30:00','f1e3b196a3a24370b96b54997212602a'),('b76cfa5a11fa47eaa7a4954fc3921389','6dee24e48e474fcaa69fec7c8fac2c35','2020-06-08 11:02:00','996ad10fc89c49fb9c46375556b8d604'),('b76cfa5a11fa47eaa7a4954fc3921389','e7422df88a504aaaaff7ef65cfc17717','2020-06-08 11:05:02','8185c28a7f1742e4a59696740047259e'),('b76cfa5a11fa47eaa7a4954fc3921389','06886e216b3a4cf2ada0f86a3bfa283b','2020-06-08 11:05:18','1ad1012d5cb147a9be4121af293a6efc'),('b76cfa5a11fa47eaa7a4954fc3921389','ab0d6fee349147ed9dce7e4bd1540dd8','2020-06-08 11:08:00','abc8d266434349bb9b73fe77bf99e824'),('b76cfa5a11fa47eaa7a4954fc3921389','a33a7b0a07754e7cb2e1bc5679e41122','2020-06-08 11:08:13','7148621ec1044bcfb76c5406e9b23370'),('b76cfa5a11fa47eaa7a4954fc3921389','c621c537b23646f991b8e8277015be2a','2020-06-08 11:23:52','29b623d8c4934bb5ab80a56b19a56e51'),('2d059eaa580440058bd979d53a7121b4','45618b805227429386b3370efe49c15c','2020-06-08 11:24:03','4daf108ad503434fa5433872f26e2b61'),('2d059eaa580440058bd979d53a7121b4','c426a8c782844c0180bbdf5ba79957a8','2020-06-08 11:26:02','fba76234420141ad99d90135d49c340a'),('b76cfa5a11fa47eaa7a4954fc3921389','a4b308e32f9741cca7bce297b8b6b690','2020-06-08 11:26:11','1d3ca69a88874180a8de2715bb0e2ccf'),('b76cfa5a11fa47eaa7a4954fc3921389','f6e8629f165b4d9d887f0ba0a534394c','2020-06-08 11:29:27','fe898ded6a46405991b00026c0db5752'),('b76cfa5a11fa47eaa7a4954fc3921389','c4420934a4f045eaa2122e5a84f7aa89','2020-06-08 11:35:29','ce19196ea3d4419fb7bdfccb87262314'),('b76cfa5a11fa47eaa7a4954fc3921389','b265f1b95654490f950bf00d94049aca','2020-06-08 11:35:40','1ad210a0380242f6aab887087ed05427'),('b76cfa5a11fa47eaa7a4954fc3921389','115ce69131dc4eab8012a7bed5c71f1e','2020-06-08 11:36:48','d31a4574001747d7b9eef69c670bf6bb'),('b76cfa5a11fa47eaa7a4954fc3921389','65b3a545ac4f41929f3e867577d840b0','2020-06-08 11:38:55','9e319923d8ff4b74aedbb1772a37e457'),('b76cfa5a11fa47eaa7a4954fc3921389','1731fcd8ab9c44edae35a345f119e306','2020-06-08 11:41:49','0c10b533565d4da98a622ace6176d415'),('b76cfa5a11fa47eaa7a4954fc3921389','4d8a0656973441c8b4a3476252e5d721','2020-06-08 12:22:54','9d3a44cdfaa34b2494873a0fff861936'),('9133166c708349e09cdb7a5ffeccfe03','f5879413293c46ee84b4188b63a63496','2020-06-13 02:37:47','ea8ffe9df8ef46349577b8e2bab0331b'),('9133166c708349e09cdb7a5ffeccfe03','bee0b3a41f46433da32107dec8185274','2020-06-13 02:58:12','abec988341424dc08fd34935554f797d');
/*!40000 ALTER TABLE `history` ENABLE KEYS */;
UNLOCK TABLES;

--
-- Table structure for table `repository`
--

DROP TABLE IF EXISTS `repository`;
/*!40101 SET @saved_cs_client     = @@character_set_client */;
/*!40101 SET character_set_client = utf8 */;
CREATE TABLE `repository` (
  `userId` varchar(255) DEFAULT NULL,
  `repoId` varchar(255) DEFAULT NULL,
  `repoName` varchar(255) DEFAULT NULL,
  `createDate` varchar(255) DEFAULT NULL,
  `description` varchar(255) DEFAULT NULL,
  `status` varchar(255) DEFAULT NULL
) ENGINE=InnoDB DEFAULT CHARSET=utf8;
/*!40101 SET character_set_client = @saved_cs_client */;

--
-- Dumping data for table `repository`
--

LOCK TABLES `repository` WRITE;
/*!40000 ALTER TABLE `repository` DISABLE KEYS */;
INSERT INTO `repository` VALUES ('cb06e1c6254b4524bce3d37597a07d33','dcdca5a563bd466c978e11dca7dd9f5d','Arcan','2020-04-18 15:54:26','代码结构异味在线检测工具','UPLOADED'),('cb06e1c6254b4524bce3d37597a07d33','9937b50c037e446183b330fe1e3a2a4c','Designite','2020-04-18 16:04:34','样例1','UPLOADED'),('cb06e1c6254b4524bce3d37597a07d33','2bb3138160bb42a89cf6d6b6ca2a48f6','Designite2','2020-04-18 16:50:46','样例2','UPLOADED'),('cb06e1c6254b4524bce3d37597a07d33','c4b55047fefd42698cf8e237b6c336cc','Desinite','2020-04-20 16:37:25','样例3','UPLOADED'),('cb06e1c6254b4524bce3d37597a07d33','9ebfbd5b56434808bca0d89cfab98a60','Designite3','2020-05-08 00:57:41','样例4','UPLOADED'),('cb06e1c6254b4524bce3d37597a07d33','010cea49b86146d1b9e91f58958b3953','Designite','2020-05-12 12:05:45','样例5','UPLOADED'),('cb06e1c6254b4524bce3d37597a07d33','19015979f0994a669f648b02f86529a0','Designite','2020-05-12 12:48:47','样例6','UPLOADED'),('cb06e1c6254b4524bce3d37597a07d33','4fea8e525d884c3aa16f4f710b4c0b7c','Designite','2020-05-17 20:36:55','样例7','UPLOADED'),('cb06e1c6254b4524bce3d37597a07d33','8612b0c6f91047ac9161763669ad2ee4','Designite','2020-05-17 20:50:35','样例8','UPLOADED'),('cb06e1c6254b4524bce3d37597a07d33','9ea46b83691a4595bca5ee87ca648bcc','dewf','2020-05-17 20:53:03','ddw','UPLOADED'),('f7faa7e7ee964c2ea51bd1feab6836ac','c872cab95cdd4e58b9925742b1d35e0e','仓库1','2020-05-21 17:55:47','分析代码结构异味','UPLOADED'),('f7faa7e7ee964c2ea51bd1feab6836ac','01cd68853e8c450c8107f65db471a1e6','仓库2','2020-05-22 02:52:34','重点看UD代码结构异味','UPLOADED'),('f7faa7e7ee964c2ea51bd1feab6836ac','72adae070d834883ac39b7764d73f20c','仓库3','2020-05-22 03:29:56','查询github项目不同版本','CREATED'),('f7faa7e7ee964c2ea51bd1feab6836ac','2c10ab45a3db4b1e8c9214257c5d6064','仓库4','2020-05-22 09:33:31','从本地下载','UPLOADED'),('f7faa7e7ee964c2ea51bd1feab6836ac','61a2f5205c5248a19be96051b7f378e8','仓库5','2020-05-22 12:13:58','xxxx','UPLOADED'),('f7faa7e7ee964c2ea51bd1feab6836ac','50a1c8aea9cf4ad7a395d895f8e91000','仓库6','2020-05-23 18:27:02','yyyy','UPLOADED'),('f7faa7e7ee964c2ea51bd1feab6836ac','5db6e450ef1342cea0e25d92c038fc74','仓库7','2020-05-23 18:29:51','sss','UPLOADED'),('8a6b61eef63d4a5d96eb449de4857af0','b76cfa5a11fa47eaa7a4954fc3921389','仓库2','2020-06-07 21:10:08','重点看UD代码结构异味','UPLOADED'),('8a6b61eef63d4a5d96eb449de4857af0','2d059eaa580440058bd979d53a7121b4','仓库3','2020-06-08 01:54:01','结构性异味','UPLOADED'),('8a6b61eef63d4a5d96eb449de4857af0','9133166c708349e09cdb7a5ffeccfe03','仓库4','2020-06-13 02:07:26','CD','UPLOADED');
/*!40000 ALTER TABLE `repository` ENABLE KEYS */;
UNLOCK TABLES;

--
-- Table structure for table `user`
--

DROP TABLE IF EXISTS `user`;
/*!40101 SET @saved_cs_client     = @@character_set_client */;
/*!40101 SET character_set_client = utf8 */;
CREATE TABLE `user` (
  `id` varchar(255) NOT NULL,
  `mailaddress` varchar(255) DEFAULT NULL,
  `username` varchar(255) DEFAULT NULL,
  `password` varchar(255) DEFAULT NULL,
  `avatar` varchar(255) DEFAULT NULL,
  `validate` int(11) DEFAULT NULL,
  PRIMARY KEY (`id`)
) ENGINE=InnoDB DEFAULT CHARSET=utf8;
/*!40101 SET character_set_client = @saved_cs_client */;

--
-- Dumping data for table `user`
--

LOCK TABLES `user` WRITE;
/*!40000 ALTER TABLE `user` DISABLE KEYS */;
INSERT INTO `user` VALUES ('8a6b61eef63d4a5d96eb449de4857af0','123452233455@qq.com','kiki','cc5cafd1946b9e8c6f6bacc9969cae53',NULL,1),('cb06e1c6254b4524bce3d37597a07d33','576970072@qq.com','zlk','cc5cafd1946b9e8c6f6bacc9969cae53','default-avatar.png',1),('ddfe8989f207407e820677a03369c49c','zlkyxj923@163.com','Dyan','cc5cafd1946b9e8c6f6bacc9969cae53',NULL,1),('f7faa7e7ee964c2ea51bd1feab6836ac','3274711356@qq.com','kiki','cc5cafd1946b9e8c6f6bacc9969cae53','3c8a8debb46afe7fa009f89d41786afb.jpg',1);
/*!40000 ALTER TABLE `user` ENABLE KEYS */;
UNLOCK TABLES;
/*!40103 SET TIME_ZONE=@OLD_TIME_ZONE */;

/*!40101 SET SQL_MODE=@OLD_SQL_MODE */;
/*!40014 SET FOREIGN_KEY_CHECKS=@OLD_FOREIGN_KEY_CHECKS */;
/*!40014 SET UNIQUE_CHECKS=@OLD_UNIQUE_CHECKS */;
/*!40101 SET CHARACTER_SET_CLIENT=@OLD_CHARACTER_SET_CLIENT */;
/*!40101 SET CHARACTER_SET_RESULTS=@OLD_CHARACTER_SET_RESULTS */;
/*!40101 SET COLLATION_CONNECTION=@OLD_COLLATION_CONNECTION */;
/*!40111 SET SQL_NOTES=@OLD_SQL_NOTES */;

-- Dump completed on 2020-06-15 14:40:51
